<?xml version="1.0" encoding="UTF-8"?>
<!DOCTYPE hibernate-configuration PUBLIC "-//Hibernate/Hibernate Configuration DTD 3.0//EN" "http://hibernate.sourceforge.net/hibernate-configuration-3.0.dtd">

<hibernate-configuration>
  <session-factory>
      <property name="hbm2ddl.auto">update</property>
    <property name="hibernate.dialect">org.hibernate.dialect.DerbyDialect</property>
        <property name="hibernate.c3p0.timeout">60</property>
    <property name="hibernate.connection.driver_class">org.apache.derby.jdbc.ClientDriver</property>
    <property name="hibernate.connection.url">jdbc:derby://localhost:1527/sayali</property>
    <property name="hibernate.connection.username">abc</property>
    <property name="hibernate.connection.password">abc</property>
    <mapping class="p1.MnagaeRoom"></mapping>
     <mapping class="p1.NewStudent"></mapping>
     <mapping class="p1.StudentFees"></mapping>


  </session-factory>
</hibernate-configuration>
